{"cameraMode":{"drawMode":0,"name":"Shaded","section":"Shading Mode"},"sceneLighting":false,"audioPlay":false,"sceneViewState":{"showFog":true,"showMaterialUpdate":false,"showSkybox":true,"showFlares":true,"showImageEffects":true,"showParticleSystems":true},"in2DMode":false,"pivot":{"x":943.9249267578125,"y":19.55155372619629,"z":314.1903076171875},"rotation":{"x":0.29150769114494326,"y":-0.05308753624558449,"z":0.018442736938595773,"w":0.9549161791801453},"size":55.94217300415039,"orthographic":false}