{"cameraMode":{"drawMode":0,"name":"Shaded","section":"Shading Mode"},"sceneLighting":false,"audioPlay":false,"sceneViewState":{"showFog":false,"showMaterialUpdate":false,"showSkybox":false,"showFlares":false,"showImageEffects":false,"showParticleSystems":false},"in2DMode":false,"pivot":{"x":-0.0016388893127441407,"y":0.0749959945678711,"z":-0.018757343292236329},"rotation":{"x":-0.2452503740787506,"y":0.016589349135756494,"z":-0.004168391227722168,"w":-0.9693297147750855},"size":22.0,"orthographic":false}