{"cameraMode":{"drawMode":0,"name":"Shaded","section":"Shading Mode"},"sceneLighting":false,"audioPlay":false,"sceneViewState":{"showFog":true,"showMaterialUpdate":false,"showSkybox":true,"showFlares":true,"showImageEffects":true,"showParticleSystems":true},"in2DMode":false,"pivot":{"x":-901.9629516601563,"y":6.8772735595703129,"z":-166.72970581054688},"rotation":{"x":-0.018038246780633928,"y":0.9303578734397888,"z":-0.36248084902763369,"w":-0.05211962014436722},"size":20.571306228637697,"orthographic":false}