{"cameraMode":{"drawMode":0,"name":"Shaded","section":"Shading Mode"},"sceneLighting":false,"audioPlay":false,"sceneViewState":{"showFog":false,"showMaterialUpdate":false,"showSkybox":false,"showFlares":false,"showImageEffects":false,"showParticleSystems":false},"in2DMode":false,"pivot":{"x":-512.1022338867188,"y":33.11000061035156,"z":166.90744018554688},"rotation":{"x":-0.36650824546813967,"y":-0.02193761058151722,"z":0.008297731168568135,"w":-0.9302338361740112},"size":20.75057029724121,"orthographic":false}