{"cameraMode":{"drawMode":0,"name":"Shaded","section":"Shading Mode"},"sceneLighting":false,"audioPlay":false,"sceneViewState":{"showFog":true,"showMaterialUpdate":false,"showSkybox":true,"showFlares":true,"showImageEffects":true,"showParticleSystems":true},"in2DMode":false,"pivot":{"x":-894.5029907226563,"y":7.205293655395508,"z":-155.1197967529297},"rotation":{"x":-0.32779979705810549,"y":0.4074510633945465,"z":-0.16217440366744996,"w":-0.8367977142333984},"size":12.306893348693848,"orthographic":false}