{"cameraMode":{"drawMode":0,"name":"Shaded","section":"Shading Mode"},"sceneLighting":false,"audioPlay":false,"sceneViewState":{"showFog":false,"showMaterialUpdate":false,"showSkybox":false,"showFlares":false,"showImageEffects":false,"showParticleSystems":false},"in2DMode":false,"pivot":{"x":-554.9912109375,"y":28.72859764099121,"z":159.80665588378907},"rotation":{"x":-0.35016345977783205,"y":0.07069879025220871,"z":-0.026574593037366868,"w":-0.9336716532707214},"size":12.887404441833496,"orthographic":false}