{"cameraMode":{"drawMode":0,"name":"Shaded","section":"Shading Mode"},"sceneLighting":false,"audioPlay":false,"sceneViewState":{"showFog":true,"showMaterialUpdate":false,"showSkybox":true,"showFlares":true,"showImageEffects":true,"showParticleSystems":true},"in2DMode":false,"pivot":{"x":-197.11758422851563,"y":13.299999237060547,"z":365.30218505859377},"rotation":{"x":0.29190924763679507,"y":0.6891224384307861,"z":-0.3554123342037201,"w":0.5599833726882935},"size":205.56175231933595,"orthographic":false}