{"cameraMode":{"drawMode":0,"name":"Shaded","section":"Shading Mode"},"sceneLighting":false,"audioPlay":false,"sceneViewState":{"showFog":false,"showMaterialUpdate":false,"showSkybox":false,"showFlares":false,"showImageEffects":false,"showParticleSystems":false},"in2DMode":false,"pivot":{"x":-827.9766235351563,"y":28.90974998474121,"z":-136.91336059570313},"rotation":{"x":0.5762457847595215,"y":-0.0191928930580616,"z":0.01616121456027031,"w":0.8168912529945374},"size":243.4778594970703,"orthographic":false}