{"cameraMode":{"drawMode":0,"name":"Shaded","section":"Shading Mode"},"sceneLighting":false,"audioPlay":false,"sceneViewState":{"showFog":false,"showMaterialUpdate":false,"showSkybox":false,"showFlares":false,"showImageEffects":false,"showParticleSystems":false},"in2DMode":false,"pivot":{"x":-59.2364501953125,"y":0.0000019073486328125,"z":-142.3975830078125},"rotation":{"x":-0.2452503740787506,"y":0.016589349135756494,"z":-0.004168391227722168,"w":-0.9693297147750855},"size":142.89419555664063,"orthographic":false}