{"cameraMode":{"drawMode":0,"name":"Shaded","section":"Shading Mode"},"sceneLighting":false,"audioPlay":false,"sceneViewState":{"showFog":true,"showMaterialUpdate":false,"showSkybox":true,"showFlares":true,"showImageEffects":true,"showParticleSystems":true},"in2DMode":false,"pivot":{"x":-659.4786987304688,"y":3.163743495941162,"z":122.45149230957031},"rotation":{"x":-0.12883217632770539,"y":0.8106470704078674,"z":-0.19908486306667329,"w":-0.5353680849075317},"size":12.824028015136719,"orthographic":false}