{"cameraMode":{"drawMode":0,"name":"Shaded","section":"Shading Mode"},"sceneLighting":false,"audioPlay":false,"sceneViewState":{"showFog":true,"showMaterialUpdate":false,"showSkybox":true,"showFlares":true,"showImageEffects":true,"showParticleSystems":true},"in2DMode":false,"pivot":{"x":-278.7799987792969,"y":83.92235565185547,"z":510.79998779296877},"rotation":{"x":0.3187992572784424,"y":0.4009363353252411,"z":-0.1485786736011505,"w":0.84589684009552},"size":17.860441207885743,"orthographic":false}