{"cameraMode":{"drawMode":0,"name":"Shaded","section":"Shading Mode"},"sceneLighting":false,"audioPlay":false,"sceneViewState":{"showFog":false,"showMaterialUpdate":false,"showSkybox":false,"showFlares":false,"showImageEffects":false,"showParticleSystems":false},"in2DMode":false,"pivot":{"x":563.64208984375,"y":325.7198181152344,"z":-2.0311286449432375},"rotation":{"x":-0.03780018910765648,"y":-0.0038975118659436704,"z":0.00017069117166101933,"w":-0.9992918372154236},"size":868.4971923828125,"orthographic":false}