{"cameraMode":{"drawMode":0,"name":"Shaded","section":"Shading Mode"},"sceneLighting":false,"audioPlay":false,"sceneViewState":{"showFog":true,"showMaterialUpdate":false,"showSkybox":true,"showFlares":true,"showImageEffects":true,"showParticleSystems":true},"in2DMode":false,"pivot":{"x":-3.5826454162597658,"y":1.0174421072006226,"z":3.085697650909424},"rotation":{"x":-0.31162741780281069,"y":-0.3764404356479645,"z":0.13358590006828309,"w":-0.8621693253517151},"size":10.98288345336914,"orthographic":false}