{"cameraMode":{"drawMode":0,"name":"Shaded","section":"Shading Mode"},"sceneLighting":false,"audioPlay":false,"sceneViewState":{"showFog":true,"showMaterialUpdate":false,"showSkybox":true,"showFlares":true,"showImageEffects":true,"showParticleSystems":true},"in2DMode":false,"pivot":{"x":8.75401496887207,"y":-1.4333305358886719,"z":-0.03843879699707031},"rotation":{"x":-0.5290004014968872,"y":-0.08656301349401474,"z":0.051805440336465839,"w":-0.8426040410995483},"size":33.2556037902832,"orthographic":false}