{"cameraMode":{"drawMode":0,"name":"Shaded","section":"Shading Mode"},"sceneLighting":false,"audioPlay":false,"sceneViewState":{"showFog":true,"showMaterialUpdate":false,"showSkybox":true,"showFlares":true,"showImageEffects":true,"showParticleSystems":true},"in2DMode":false,"pivot":{"x":-586.0014038085938,"y":8.470008850097657,"z":306.1839294433594},"rotation":{"x":0.3037274181842804,"y":-0.6820372343063355,"z":0.3865281939506531,"w":0.5414526462554932},"size":28.058664321899415,"orthographic":false}