{"cameraMode":{"drawMode":0,"name":"Shaded","section":"Shading Mode"},"sceneLighting":false,"audioPlay":false,"sceneViewState":{"showFog":true,"showMaterialUpdate":false,"showSkybox":true,"showFlares":true,"showImageEffects":true,"showParticleSystems":true},"in2DMode":false,"pivot":{"x":-332.3973388671875,"y":204.21168518066407,"z":575.141357421875},"rotation":{"x":-0.16292697191238404,"y":-0.8215137720108032,"z":0.28110164403915408,"w":-0.4685635268688202},"size":11.431534767150879,"orthographic":false}