{"cameraMode":{"drawMode":0,"name":"Shaded","section":"Shading Mode"},"sceneLighting":false,"audioPlay":false,"sceneViewState":{"showFog":true,"showMaterialUpdate":false,"showSkybox":true,"showFlares":true,"showImageEffects":true,"showParticleSystems":true},"in2DMode":false,"pivot":{"x":497.0169677734375,"y":20.247495651245118,"z":287.01629638671877},"rotation":{"x":0.29835331439971926,"y":0.3804893493652344,"z":-0.12864179909229279,"w":0.8658316731452942},"size":1895.1719970703125,"orthographic":false}