{"cameraMode":{"drawMode":0,"name":"Shaded","section":"Shading Mode"},"sceneLighting":false,"audioPlay":false,"sceneViewState":{"showFog":true,"showMaterialUpdate":false,"showSkybox":true,"showFlares":true,"showImageEffects":true,"showParticleSystems":true},"in2DMode":false,"pivot":{"x":-649.9359130859375,"y":32.08000183105469,"z":175.011474609375},"rotation":{"x":0.17723973095417024,"y":0.7918413281440735,"z":-0.26549965143203738,"w":0.5206567645072937},"size":4.441837310791016,"orthographic":false}