{"cameraMode":{"drawMode":0,"name":"Shaded","section":"Shading Mode"},"sceneLighting":false,"audioPlay":false,"sceneViewState":{"showFog":true,"showMaterialUpdate":false,"showSkybox":true,"showFlares":true,"showImageEffects":true,"showParticleSystems":true},"in2DMode":false,"pivot":{"x":185.9600067138672,"y":4.520000457763672,"z":280.7099914550781},"rotation":{"x":-0.2693949341773987,"y":0.3298642635345459,"z":-0.10122053325176239,"w":-0.8990942239761353},"size":33.24966812133789,"orthographic":false}