{"cameraMode":{"drawMode":0,"name":"Shaded","section":"Shading Mode"},"sceneLighting":false,"audioPlay":false,"sceneViewState":{"showFog":false,"showMaterialUpdate":false,"showSkybox":false,"showFlares":false,"showImageEffects":false,"showParticleSystems":false},"in2DMode":false,"pivot":{"x":-527.97998046875,"y":34.19999694824219,"z":166.3800048828125},"rotation":{"x":-0.252145379781723,"y":-0.05454590171575546,"z":0.014235998503863812,"w":-0.9660558700561523},"size":22.6328125,"orthographic":false}