{"cameraMode":{"drawMode":0,"name":"Shaded","section":"Shading Mode"},"sceneLighting":false,"audioPlay":false,"sceneViewState":{"showFog":false,"showMaterialUpdate":false,"showSkybox":false,"showFlares":false,"showImageEffects":false,"showParticleSystems":false},"in2DMode":false,"pivot":{"x":-653.9819946289063,"y":0.09155654907226563,"z":194.58685302734376},"rotation":{"x":-0.44716328382492068,"y":-0.02764081582427025,"z":0.013822122476994992,"w":-0.8939650654792786},"size":142.89419555664063,"orthographic":false}