{"cameraMode":{"drawMode":0,"name":"Shaded","section":"Shading Mode"},"sceneLighting":false,"audioPlay":false,"sceneViewState":{"showFog":true,"showMaterialUpdate":false,"showSkybox":true,"showFlares":true,"showImageEffects":true,"showParticleSystems":true},"in2DMode":false,"pivot":{"x":-746.3369140625,"y":34.381744384765628,"z":-48.12969970703125},"rotation":{"x":0.19556686282157899,"y":-0.06376343220472336,"z":0.014929916709661484,"w":0.9785014390945435},"size":200.05186462402345,"orthographic":false}