{"cameraMode":{"drawMode":0,"name":"Shaded","section":"Shading Mode"},"sceneLighting":false,"audioPlay":false,"sceneViewState":{"showFog":true,"showMaterialUpdate":false,"showSkybox":true,"showFlares":true,"showImageEffects":true,"showParticleSystems":true},"in2DMode":false,"pivot":{"x":-896.5324096679688,"y":7.562274932861328,"z":-173.5646209716797},"rotation":{"x":-0.4638712406158447,"y":0.06325588375329972,"z":-0.03567742928862572,"w":-0.8829209208488464},"size":142.89419555664063,"orthographic":false}