{"cameraMode":{"drawMode":0,"name":"Shaded","section":"Shading Mode"},"sceneLighting":false,"audioPlay":false,"sceneViewState":{"showFog":true,"showMaterialUpdate":false,"showSkybox":true,"showFlares":true,"showImageEffects":true,"showParticleSystems":true},"in2DMode":false,"pivot":{"x":-817.6837158203125,"y":48.375396728515628,"z":-223.87147521972657},"rotation":{"x":0.24032868444919587,"y":0.6471308469772339,"z":-0.22283649444580079,"w":0.688336968421936},"size":27.927892684936525,"orthographic":false}