{"cameraMode":{"drawMode":0,"name":"Shaded","section":"Shading Mode"},"sceneLighting":false,"audioPlay":false,"sceneViewState":{"showFog":true,"showMaterialUpdate":false,"showSkybox":true,"showFlares":true,"showImageEffects":true,"showParticleSystems":true},"in2DMode":false,"pivot":{"x":148.18275451660157,"y":25.940975189208986,"z":133.140625},"rotation":{"x":0.29190924763679507,"y":0.6891224384307861,"z":-0.3554123342037201,"w":0.5599833726882935},"size":22.32503890991211,"orthographic":false}