{"cameraMode":{"drawMode":0,"name":"Shaded","section":"Shading Mode"},"sceneLighting":false,"audioPlay":false,"sceneViewState":{"showFog":true,"showMaterialUpdate":false,"showSkybox":true,"showFlares":true,"showImageEffects":true,"showParticleSystems":true},"in2DMode":false,"pivot":{"x":-938.6683959960938,"y":46.68869400024414,"z":-183.22364807128907},"rotation":{"x":0.36565062403678896,"y":0.024457311257719995,"z":-0.007307501509785652,"w":0.9304021000862122},"size":7.433900356292725,"orthographic":false}