{"cameraMode":{"drawMode":0,"name":"Shaded","section":"Shading Mode"},"sceneLighting":true,"audioPlay":false,"sceneViewState":{"showFog":false,"showMaterialUpdate":false,"showSkybox":false,"showFlares":false,"showImageEffects":false,"showParticleSystems":false},"in2DMode":false,"pivot":{"x":-14.112848281860352,"y":0.3195028305053711,"z":7.901336669921875},"rotation":{"x":-0.11504821479320526,"y":0.37916597723960879,"z":-0.047571513801813129,"w":-0.9170037508010864},"size":15.152242660522461,"orthographic":false}