{"cameraMode":{"drawMode":0,"name":"Shaded","section":"Shading Mode"},"sceneLighting":false,"audioPlay":false,"sceneViewState":{"showFog":true,"showMaterialUpdate":false,"showSkybox":true,"showFlares":true,"showImageEffects":true,"showParticleSystems":true},"in2DMode":false,"pivot":{"x":-449.2588806152344,"y":17.74065399169922,"z":9.173025131225586},"rotation":{"x":0.016275640577077867,"y":0.944867730140686,"z":-0.32449689507484438,"w":0.0407666377723217},"size":1485.5924072265625,"orthographic":false}