{"cameraMode":{"drawMode":0,"name":"Shaded","section":"Shading Mode"},"sceneLighting":false,"audioPlay":false,"sceneViewState":{"showFog":true,"showMaterialUpdate":false,"showSkybox":true,"showFlares":true,"showImageEffects":true,"showParticleSystems":true},"in2DMode":false,"pivot":{"x":-2.6234993934631349,"y":3.9819564819335939,"z":-0.6316079497337341},"rotation":{"x":-0.1869591623544693,"y":0.6994004249572754,"z":-0.20143932104110719,"w":-0.6597784757614136},"size":12.679126739501954,"orthographic":false}