{"cameraMode":{"drawMode":0,"name":"Shaded","section":"Shading Mode"},"sceneLighting":false,"audioPlay":false,"sceneViewState":{"showFog":false,"showMaterialUpdate":false,"showSkybox":false,"showFlares":false,"showImageEffects":false,"showParticleSystems":false},"in2DMode":false,"pivot":{"x":-889.047607421875,"y":10.768293380737305,"z":-151.69601440429688},"rotation":{"x":0.19755017757415772,"y":-0.7936528325080872,"z":0.33648887276649477,"w":0.46691229939460757},"size":33.839622497558597,"orthographic":false}