{"cameraMode":{"drawMode":0,"name":"Shaded","section":"Shading Mode"},"sceneLighting":false,"audioPlay":false,"sceneViewState":{"showFog":true,"showMaterialUpdate":false,"showSkybox":true,"showFlares":true,"showImageEffects":true,"showParticleSystems":true},"in2DMode":false,"pivot":{"x":-1025.3858642578125,"y":31.380870819091798,"z":-82.04004669189453},"rotation":{"x":-0.3128853738307953,"y":0.18136093020439149,"z":-0.06330177187919617,"w":-0.9301633238792419},"size":30.12711524963379,"orthographic":false}