{"cameraMode":{"drawMode":0,"name":"Shaded","section":"Shading Mode"},"sceneLighting":false,"audioPlay":false,"sceneViewState":{"showFog":true,"showMaterialUpdate":false,"showSkybox":true,"showFlares":true,"showImageEffects":true,"showParticleSystems":true},"in2DMode":false,"pivot":{"x":-616.6400756835938,"y":86.042724609375,"z":73.4749526977539},"rotation":{"x":-0.2845630347728729,"y":-0.22286105155944825,"z":0.0658826008439064,"w":-0.9300625324249268},"size":43.91835403442383,"orthographic":false}