{"cameraMode":{"drawMode":0,"name":"Shaded","section":"Shading Mode"},"sceneLighting":false,"audioPlay":false,"sceneViewState":{"showFog":true,"showMaterialUpdate":false,"showSkybox":true,"showFlares":true,"showImageEffects":true,"showParticleSystems":true},"in2DMode":false,"pivot":{"x":-191.88311767578126,"y":-0.031005859375,"z":31.8211669921875},"rotation":{"x":-0.37320417165756228,"y":0.40514275431632998,"z":-0.18859806656837464,"w":-0.8130244016647339},"size":18.238374710083009,"orthographic":false}