{"cameraMode":{"drawMode":0,"name":"Shaded","section":"Shading Mode"},"sceneLighting":false,"audioPlay":false,"sceneViewState":{"showFog":true,"showMaterialUpdate":false,"showSkybox":true,"showFlares":true,"showImageEffects":true,"showParticleSystems":true},"in2DMode":false,"pivot":{"x":170.30731201171876,"y":310.0245666503906,"z":33.45263671875},"rotation":{"x":0.4500706195831299,"y":-0.037420518696308139,"z":0.021273724734783174,"w":0.8919549584388733},"size":22.0,"orthographic":false}