{"cameraMode":{"drawMode":0,"name":"Shaded","section":"Shading Mode"},"sceneLighting":false,"audioPlay":false,"sceneViewState":{"showFog":true,"showMaterialUpdate":false,"showSkybox":true,"showFlares":true,"showImageEffects":true,"showParticleSystems":true},"in2DMode":false,"pivot":{"x":-284.263427734375,"y":83.92235565185547,"z":471.64947509765627},"rotation":{"x":0.4500706195831299,"y":-0.037420518696308139,"z":0.021273724734783174,"w":0.8919549584388733},"size":142.89419555664063,"orthographic":false}