{"cameraMode":{"drawMode":0,"name":"Shaded","section":"Shading Mode"},"sceneLighting":false,"audioPlay":false,"sceneViewState":{"showFog":false,"showMaterialUpdate":false,"showSkybox":false,"showFlares":false,"showImageEffects":false,"showParticleSystems":false},"in2DMode":false,"pivot":{"x":-27.762413024902345,"y":87.18697357177735,"z":-1.09710693359375},"rotation":{"x":0.02069096639752388,"y":0.009553404524922371,"z":-0.00011357660696376115,"w":-0.9998455047607422},"size":354.3376159667969,"orthographic":false}