{"cameraMode":{"drawMode":0,"name":"Shaded","section":"Shading Mode"},"sceneLighting":false,"audioPlay":false,"sceneViewState":{"showFog":true,"showMaterialUpdate":false,"showSkybox":true,"showFlares":true,"showImageEffects":true,"showParticleSystems":true},"in2DMode":false,"pivot":{"x":-792.6238403320313,"y":40.30683898925781,"z":434.0133056640625},"rotation":{"x":-0.44461292028427126,"y":0.04153719171881676,"z":-0.02304038405418396,"w":-0.894462525844574},"size":284.3558349609375,"orthographic":false}