{"cameraMode":{"drawMode":0,"name":"Shaded","section":"Shading Mode"},"sceneLighting":false,"audioPlay":false,"sceneViewState":{"showFog":false,"showMaterialUpdate":false,"showSkybox":false,"showFlares":false,"showImageEffects":false,"showParticleSystems":false},"in2DMode":false,"pivot":{"x":-713.848876953125,"y":-54.29999923706055,"z":179.29197692871095},"rotation":{"x":-0.685154139995575,"y":0.00798457209020853,"z":-0.007690818049013615,"w":-0.7284049391746521},"size":23.979999542236329,"orthographic":false}