{"cameraMode":{"drawMode":0,"name":"Shaded","section":"Shading Mode"},"sceneLighting":false,"audioPlay":false,"sceneViewState":{"showFog":false,"showMaterialUpdate":false,"showSkybox":false,"showFlares":false,"showImageEffects":false,"showParticleSystems":false},"in2DMode":false,"pivot":{"x":-859.2720947265625,"y":64.57553100585938,"z":-274.26068115234377},"rotation":{"x":-0.510536789894104,"y":0.004396216012537479,"z":-0.002582255518063903,"w":-0.8598546981811523},"size":31.28621482849121,"orthographic":false}