{"cameraMode":{"drawMode":0,"name":"Shaded","section":"Shading Mode"},"sceneLighting":false,"audioPlay":false,"sceneViewState":{"showFog":false,"showMaterialUpdate":false,"showSkybox":false,"showFlares":false,"showImageEffects":false,"showParticleSystems":false},"in2DMode":false,"pivot":{"x":539.5618896484375,"y":308.75177001953127,"z":8.26727294921875},"rotation":{"x":0.08357720077037811,"y":-0.02182963863015175,"z":-0.0018069961806759239,"w":-0.996300220489502},"size":22.0,"orthographic":false}