{"cameraMode":{"drawMode":0,"name":"Shaded","section":"Shading Mode"},"sceneLighting":false,"audioPlay":false,"sceneViewState":{"showFog":true,"showMaterialUpdate":false,"showSkybox":true,"showFlares":true,"showImageEffects":true,"showParticleSystems":true},"in2DMode":false,"pivot":{"x":-924.468505859375,"y":64.57553100585938,"z":-294.64044189453127},"rotation":{"x":-0.053338054567575458,"y":0.9401732087135315,"z":-0.2798725366592407,"w":-0.18681752681732179},"size":20.72408103942871,"orthographic":false}