{"cameraMode":{"drawMode":0,"name":"Shaded","section":"Shading Mode"},"sceneLighting":false,"audioPlay":false,"sceneViewState":{"showFog":true,"showMaterialUpdate":false,"showSkybox":true,"showFlares":true,"showImageEffects":true,"showParticleSystems":true},"in2DMode":false,"pivot":{"x":-1103.1217041015625,"y":206.33395385742188,"z":-253.2525634765625},"rotation":{"x":0.20442210137844087,"y":0.4531385600566864,"z":-0.10506438463926316,"w":0.861300528049469},"size":14.146031379699707,"orthographic":false}