{"cameraMode":{"drawMode":0,"name":"Shaded","section":"Shading Mode"},"sceneLighting":false,"audioPlay":false,"sceneViewState":{"showFog":false,"showMaterialUpdate":false,"showSkybox":false,"showFlares":false,"showImageEffects":false,"showParticleSystems":false},"in2DMode":false,"pivot":{"x":-531.1866455078125,"y":2.3310928344726564,"z":170.50245666503907},"rotation":{"x":-0.0467820018529892,"y":0.023069627583026887,"z":-0.001053961575962603,"w":-0.998677670955658},"size":22.0,"orthographic":false}