{"cameraMode":{"drawMode":0,"name":"Shaded","section":"Shading Mode"},"sceneLighting":false,"audioPlay":false,"sceneViewState":{"showFog":false,"showMaterialUpdate":false,"showSkybox":false,"showFlares":false,"showImageEffects":false,"showParticleSystems":false},"in2DMode":false,"pivot":{"x":-1020.2941284179688,"y":32.53982925415039,"z":-36.067352294921878},"rotation":{"x":-0.510536789894104,"y":0.004396216012537479,"z":-0.002582255518063903,"w":-0.8598546981811523},"size":4.441837310791016,"orthographic":false}