{"cameraMode":{"drawMode":0,"name":"Shaded","section":"Shading Mode"},"sceneLighting":false,"audioPlay":false,"sceneViewState":{"showFog":true,"showMaterialUpdate":false,"showSkybox":true,"showFlares":true,"showImageEffects":true,"showParticleSystems":true},"in2DMode":false,"pivot":{"x":-754.3070068359375,"y":65.90777587890625,"z":-307.2109680175781},"rotation":{"x":0.29835331439971926,"y":0.38048937916755679,"z":-0.12864179909229279,"w":0.865831732749939},"size":33.55719757080078,"orthographic":false}