{"cameraMode":{"drawMode":0,"name":"Shaded","section":"Shading Mode"},"sceneLighting":false,"audioPlay":false,"sceneViewState":{"showFog":false,"showMaterialUpdate":false,"showSkybox":false,"showFlares":false,"showImageEffects":false,"showParticleSystems":false},"in2DMode":false,"pivot":{"x":-584.28857421875,"y":67.82640838623047,"z":-44.932159423828128},"rotation":{"x":-0.4523632526397705,"y":-0.03555546700954437,"z":0.01808137074112892,"w":-0.8909611105918884},"size":68.4706802368164,"orthographic":false}