{"cameraMode":{"drawMode":0,"name":"Shaded","section":"Shading Mode"},"sceneLighting":false,"audioPlay":false,"sceneViewState":{"showFog":true,"showMaterialUpdate":false,"showSkybox":true,"showFlares":true,"showImageEffects":true,"showParticleSystems":true},"in2DMode":false,"pivot":{"x":-892.8504028320313,"y":26.389629364013673,"z":-181.35617065429688},"rotation":{"x":0.12336039543151856,"y":0.8786444664001465,"z":-0.3188415765762329,"w":0.3333258628845215},"size":11.15931510925293,"orthographic":false}