{"cameraMode":{"drawMode":0,"name":"Shaded","section":"Shading Mode"},"sceneLighting":false,"audioPlay":false,"sceneViewState":{"showFog":false,"showMaterialUpdate":false,"showSkybox":false,"showFlares":false,"showImageEffects":false,"showParticleSystems":false},"in2DMode":false,"pivot":{"x":-464.8179931640625,"y":26.439292907714845,"z":133.7721405029297},"rotation":{"x":-0.31082743406295779,"y":0.24216265976428986,"z":-0.08220437914133072,"w":-0.9154800772666931},"size":49.015838623046878,"orthographic":false}