{"cameraMode":{"drawMode":0,"name":"Shaded","section":"Shading Mode"},"sceneLighting":true,"audioPlay":false,"sceneViewState":{"showFog":false,"showMaterialUpdate":false,"showSkybox":false,"showFlares":false,"showImageEffects":false,"showParticleSystems":false},"in2DMode":false,"pivot":{"x":-171.6424560546875,"y":26.64580535888672,"z":803.2386474609375},"rotation":{"x":0.6322253942489624,"y":-0.05043484643101692,"z":0.04408462718129158,"w":0.7718833684921265},"size":200.05186462402345,"orthographic":false}