{"cameraMode":{"drawMode":0,"name":"Shaded","section":"Shading Mode"},"sceneLighting":false,"audioPlay":false,"sceneViewState":{"showFog":true,"showMaterialUpdate":false,"showSkybox":true,"showFlares":true,"showImageEffects":true,"showParticleSystems":true},"in2DMode":false,"pivot":{"x":-696.0794677734375,"y":0.09155845642089844,"z":201.46334838867188},"rotation":{"x":0.29835331439971926,"y":0.3804893493652344,"z":-0.12864179909229279,"w":0.8658316731452942},"size":5.0244317054748539,"orthographic":false}