{"cameraMode":{"drawMode":0,"name":"Shaded","section":"Shading Mode"},"sceneLighting":false,"audioPlay":false,"sceneViewState":{"showFog":false,"showMaterialUpdate":false,"showSkybox":false,"showFlares":false,"showImageEffects":false,"showParticleSystems":false},"in2DMode":false,"pivot":{"x":-238.03408813476563,"y":-25.825000762939454,"z":235.84991455078126},"rotation":{"x":-0.1696699559688568,"y":0.8241783976554871,"z":-0.3365141749382019,"w":-0.42272964119911196},"size":1111.285400390625,"orthographic":false}