{"cameraMode":{"drawMode":0,"name":"Shaded","section":"Shading Mode"},"sceneLighting":false,"audioPlay":false,"sceneViewState":{"showFog":true,"showMaterialUpdate":false,"showSkybox":true,"showFlares":true,"showImageEffects":true,"showParticleSystems":true},"in2DMode":false,"pivot":{"x":-932.7593994140625,"y":64.57553100585938,"z":-298.09307861328127},"rotation":{"x":0.29835331439971926,"y":0.3804893493652344,"z":-0.12864179909229279,"w":0.8658316731452942},"size":16.246337890625,"orthographic":false}