{"cameraMode":{"drawMode":0,"name":"Shaded","section":"Shading Mode"},"sceneLighting":false,"audioPlay":false,"sceneViewState":{"showFog":false,"showMaterialUpdate":false,"showSkybox":false,"showFlares":false,"showImageEffects":false,"showParticleSystems":false},"in2DMode":false,"pivot":{"x":-531.4769287109375,"y":30.525087356567384,"z":171.84890747070313},"rotation":{"x":-0.1535130888223648,"y":-0.3757369816303253,"z":0.06326405704021454,"w":-0.9117384552955627},"size":62.7103157043457,"orthographic":false}