{"cameraMode":{"drawMode":0,"name":"Shaded","section":"Shading Mode"},"sceneLighting":false,"audioPlay":false,"sceneViewState":{"showFog":false,"showMaterialUpdate":false,"showSkybox":false,"showFlares":false,"showImageEffects":false,"showParticleSystems":false},"in2DMode":false,"pivot":{"x":-698.3682250976563,"y":74.19999694824219,"z":-263.3430480957031},"rotation":{"x":0.5187596678733826,"y":0.0002546484465710819,"z":0.002351139672100544,"w":0.8549168705940247},"size":318.44732666015627,"orthographic":false}