{"cameraMode":{"drawMode":0,"name":"Shaded","section":"Shading Mode"},"sceneLighting":false,"audioPlay":false,"sceneViewState":{"showFog":true,"showMaterialUpdate":false,"showSkybox":true,"showFlares":true,"showImageEffects":true,"showParticleSystems":true},"in2DMode":false,"pivot":{"x":-333.0352783203125,"y":204.21168518066407,"z":580.4326171875},"rotation":{"x":-0.16292697191238404,"y":-0.8215137720108032,"z":0.28110164403915408,"w":-0.4685635268688202},"size":57.15768051147461,"orthographic":false}