{"cameraMode":{"drawMode":0,"name":"Shaded","section":"Shading Mode"},"sceneLighting":false,"audioPlay":false,"sceneViewState":{"showFog":false,"showMaterialUpdate":false,"showSkybox":false,"showFlares":false,"showImageEffects":false,"showParticleSystems":false},"in2DMode":false,"pivot":{"x":-84.7940902709961,"y":202.3719482421875,"z":-226.42245483398438},"rotation":{"x":-0.3609798550605774,"y":-0.005011013243347406,"z":0.0019969793502241375,"w":-0.9325976371765137},"size":171.58998107910157,"orthographic":false}