{"cameraMode":{"drawMode":0,"name":"Shaded","section":"Shading Mode"},"sceneLighting":false,"audioPlay":false,"sceneViewState":{"showFog":true,"showMaterialUpdate":false,"showSkybox":true,"showFlares":true,"showImageEffects":true,"showParticleSystems":true},"in2DMode":false,"pivot":{"x":-834.512451171875,"y":79.20332336425781,"z":-314.90509033203127},"rotation":{"x":-0.34689196944236758,"y":-0.10672710090875626,"z":0.03749296814203262,"w":-0.9310583472251892},"size":316.416015625,"orthographic":false}