{"cameraMode":{"drawMode":0,"name":"Shaded","section":"Shading Mode"},"sceneLighting":false,"audioPlay":false,"sceneViewState":{"showFog":true,"showMaterialUpdate":false,"showSkybox":true,"showFlares":true,"showImageEffects":true,"showParticleSystems":true},"in2DMode":false,"pivot":{"x":-555.8070068359375,"y":2.398019790649414,"z":41.155548095703128},"rotation":{"x":0.576339840888977,"y":0.021249311044812204,"z":-0.012376757338643074,"w":0.8168400526046753},"size":156.1794891357422,"orthographic":false}