{"cameraMode":{"drawMode":0,"name":"Shaded","section":"Shading Mode"},"sceneLighting":false,"audioPlay":false,"sceneViewState":{"showFog":false,"showMaterialUpdate":false,"showSkybox":false,"showFlares":false,"showImageEffects":false,"showParticleSystems":false},"in2DMode":false,"pivot":{"x":-643.9557495117188,"y":0.09156036376953125,"z":202.20791625976563},"rotation":{"x":-0.44716328382492068,"y":-0.02764081582427025,"z":0.013822122476994992,"w":-0.8939650654792786},"size":11.431534767150879,"orthographic":false}