{"cameraMode":{"drawMode":0,"name":"Shaded","section":"Shading Mode"},"sceneLighting":true,"audioPlay":false,"sceneViewState":{"showFog":false,"showMaterialUpdate":false,"showSkybox":false,"showFlares":false,"showImageEffects":false,"showParticleSystems":false},"in2DMode":false,"pivot":{"x":-426.0876770019531,"y":-16.311920166015626,"z":161.45449829101563},"rotation":{"x":-0.5537039637565613,"y":-0.010777227580547333,"z":0.007123829331248999,"w":-0.8327057957649231},"size":186.87867736816407,"orthographic":false}