{"cameraMode":{"drawMode":0,"name":"Shaded","section":"Shading Mode"},"sceneLighting":false,"audioPlay":false,"sceneViewState":{"showFog":true,"showMaterialUpdate":false,"showSkybox":true,"showFlares":true,"showImageEffects":true,"showParticleSystems":true},"in2DMode":false,"pivot":{"x":-635.3775634765625,"y":43.17157745361328,"z":507.3195495605469},"rotation":{"x":0.37890180945396426,"y":0.3994468152523041,"z":-0.1832159012556076,"w":0.8144370317459106},"size":28.76183319091797,"orthographic":false}