{"cameraMode":{"drawMode":0,"name":"Shaded","section":"Shading Mode"},"sceneLighting":false,"audioPlay":false,"sceneViewState":{"showFog":false,"showMaterialUpdate":false,"showSkybox":false,"showFlares":false,"showImageEffects":false,"showParticleSystems":false},"in2DMode":false,"pivot":{"x":-827.8624877929688,"y":39.47999954223633,"z":93.10421752929688},"rotation":{"x":0.08357720077037811,"y":-0.02182963863015175,"z":-0.0018069961806759239,"w":-0.996300220489502},"size":11.951821327209473,"orthographic":false}