{"cameraMode":{"drawMode":0,"name":"Shaded","section":"Shading Mode"},"sceneLighting":false,"audioPlay":false,"sceneViewState":{"showFog":true,"showMaterialUpdate":false,"showSkybox":true,"showFlares":true,"showImageEffects":true,"showParticleSystems":true},"in2DMode":false,"pivot":{"x":-0.41024351119995119,"y":1.832275152206421,"z":-0.4327983558177948},"rotation":{"x":0.11628663539886475,"y":-0.8583454489707947,"z":0.22972382605075837,"w":0.44378769397735598},"size":17.81449317932129,"orthographic":false}