{"cameraMode":{"drawMode":0,"name":"Shaded","section":"Shading Mode"},"sceneLighting":false,"audioPlay":false,"sceneViewState":{"showFog":false,"showMaterialUpdate":false,"showSkybox":false,"showFlares":false,"showImageEffects":false,"showParticleSystems":false},"in2DMode":false,"pivot":{"x":256.54058837890627,"y":9.209991455078125,"z":117.48846435546875},"rotation":{"x":-0.44716328382492068,"y":-0.02764081582427025,"z":0.013822122476994992,"w":-0.8939650654792786},"size":18.447561264038087,"orthographic":false}