{"cameraMode":{"drawMode":0,"name":"Shaded","section":"Shading Mode"},"sceneLighting":false,"audioPlay":false,"sceneViewState":{"showFog":true,"showMaterialUpdate":false,"showSkybox":true,"showFlares":true,"showImageEffects":true,"showParticleSystems":true},"in2DMode":false,"pivot":{"x":42.53955078125,"y":7.3899993896484379,"z":-188.65414428710938},"rotation":{"x":0.5383601188659668,"y":-0.20094910264015199,"z":0.13672524690628053,"w":0.8069039583206177},"size":200.0519561767578,"orthographic":false}