{"cameraMode":{"drawMode":0,"name":"Shaded","section":"Shading Mode"},"sceneLighting":false,"audioPlay":false,"sceneViewState":{"showFog":true,"showMaterialUpdate":false,"showSkybox":true,"showFlares":true,"showImageEffects":true,"showParticleSystems":true},"in2DMode":false,"pivot":{"x":-267.14599609375,"y":203.69815063476563,"z":574.1624145507813},"rotation":{"x":0.287861168384552,"y":-0.31951969861984255,"z":0.10496450215578079,"w":0.8966748118400574},"size":91.52818298339844,"orthographic":false}