{"cameraMode":{"drawMode":0,"name":"Shaded","section":"Shading Mode"},"sceneLighting":true,"audioPlay":false,"sceneViewState":{"showFog":true,"showMaterialUpdate":false,"showSkybox":true,"showFlares":true,"showImageEffects":true,"showParticleSystems":true},"in2DMode":false,"pivot":{"x":-532.8184204101563,"y":207.12120056152345,"z":-10.675275802612305},"rotation":{"x":0.4690617024898529,"y":-0.0184235330671072,"z":0.012207088060677052,"w":0.8828888535499573},"size":36.593177795410159,"orthographic":false}