{"cameraMode":{"drawMode":0,"name":"Shaded","section":"Shading Mode"},"sceneLighting":false,"audioPlay":false,"sceneViewState":{"showFog":false,"showMaterialUpdate":false,"showSkybox":false,"showFlares":false,"showImageEffects":false,"showParticleSystems":false},"in2DMode":false,"pivot":{"x":-1154.606201171875,"y":32.53982925415039,"z":-107.27618408203125},"rotation":{"x":0.32198482751846316,"y":-0.014459463767707348,"z":0.007180854212492704,"w":0.946607232093811},"size":22.0,"orthographic":false}