{"cameraMode":{"drawMode":0,"name":"Shaded","section":"Shading Mode"},"sceneLighting":false,"audioPlay":false,"sceneViewState":{"showFog":false,"showMaterialUpdate":false,"showSkybox":false,"showFlares":false,"showImageEffects":false,"showParticleSystems":false},"in2DMode":false,"pivot":{"x":-541.8323364257813,"y":-35.6119499206543,"z":53.230690002441409},"rotation":{"x":-0.12212168425321579,"y":-0.016501739621162416,"z":-0.00037628511199727654,"w":-0.9923778772354126},"size":113.00885772705078,"orthographic":false}