{"cameraMode":{"drawMode":0,"name":"Shaded","section":"Shading Mode"},"sceneLighting":false,"audioPlay":false,"sceneViewState":{"showFog":false,"showMaterialUpdate":false,"showSkybox":false,"showFlares":false,"showImageEffects":false,"showParticleSystems":false},"in2DMode":false,"pivot":{"x":-510.68487548828127,"y":0.7820243835449219,"z":230.37286376953126},"rotation":{"x":-0.061770249158144,"y":0.0035878121852874758,"z":-0.0002744739758782089,"w":-0.9981072545051575},"size":15.304375648498536,"orthographic":false}