{"cameraMode":{"drawMode":0,"name":"Shaded","section":"Shading Mode"},"sceneLighting":false,"audioPlay":false,"sceneViewState":{"showFog":true,"showMaterialUpdate":false,"showSkybox":true,"showFlares":true,"showImageEffects":true,"showParticleSystems":true},"in2DMode":false,"pivot":{"x":610.3740234375,"y":422.1261291503906,"z":53.564361572265628},"rotation":{"x":-0.05487152561545372,"y":0.0020340965129435064,"z":-0.002272755140438676,"w":-0.9984888434410095},"size":367.1324157714844,"orthographic":false}