{"cameraMode":{"drawMode":0,"name":"Shaded","section":"Shading Mode"},"sceneLighting":false,"audioPlay":false,"sceneViewState":{"showFog":false,"showMaterialUpdate":false,"showSkybox":false,"showFlares":false,"showImageEffects":false,"showParticleSystems":false},"in2DMode":false,"pivot":{"x":-550.7439575195313,"y":-129.05113220214845,"z":249.31539916992188},"rotation":{"x":-0.44716328382492068,"y":-0.02764081582427025,"z":0.013822122476994992,"w":-0.8939650654792786},"size":22.0,"orthographic":false}