{"cameraMode":{"drawMode":0,"name":"Shaded","section":"Shading Mode"},"sceneLighting":false,"audioPlay":false,"sceneViewState":{"showFog":true,"showMaterialUpdate":false,"showSkybox":true,"showFlares":true,"showImageEffects":true,"showParticleSystems":true},"in2DMode":false,"pivot":{"x":-901.0007934570313,"y":7.562274932861328,"z":-168.30313110351563},"rotation":{"x":-0.11853596568107605,"y":0.7981242537498474,"z":-0.5654067397117615,"w":-0.1710619330406189},"size":22.720903396606447,"orthographic":false}