{"cameraMode":{"drawMode":0,"name":"Shaded","section":"Shading Mode"},"sceneLighting":false,"audioPlay":false,"sceneViewState":{"showFog":false,"showMaterialUpdate":false,"showSkybox":false,"showFlares":false,"showImageEffects":false,"showParticleSystems":false},"in2DMode":false,"pivot":{"x":-886.0534057617188,"y":20.86599349975586,"z":-153.45486450195313},"rotation":{"x":0.08550412207841873,"y":-0.9097686409950256,"z":0.23610806465148927,"w":0.33076947927474978},"size":44.59785079956055,"orthographic":false}