{"cameraMode":{"drawMode":0,"name":"Shaded","section":"Shading Mode"},"sceneLighting":false,"audioPlay":false,"sceneViewState":{"showFog":true,"showMaterialUpdate":false,"showSkybox":true,"showFlares":true,"showImageEffects":true,"showParticleSystems":true},"in2DMode":false,"pivot":{"x":-932.7593994140625,"y":64.57553100585938,"z":-298.09307861328127},"rotation":{"x":0.29835328459739687,"y":0.380489319562912,"z":-0.1286417841911316,"w":0.8658316135406494},"size":16.246337890625,"orthographic":false}