{"cameraMode":{"drawMode":0,"name":"Shaded","section":"Shading Mode"},"sceneLighting":false,"audioPlay":false,"sceneViewState":{"showFog":true,"showMaterialUpdate":false,"showSkybox":true,"showFlares":true,"showImageEffects":true,"showParticleSystems":true},"in2DMode":false,"pivot":{"x":-1077.7952880859375,"y":80.52365112304688,"z":-223.73866271972657},"rotation":{"x":0.06092596426606178,"y":0.9043609499931336,"z":-0.4012514054775238,"w":0.13197171688079835},"size":6.382475852966309,"orthographic":false}