{"cameraMode":{"drawMode":0,"name":"Shaded","section":"Shading Mode"},"sceneLighting":false,"audioPlay":false,"sceneViewState":{"showFog":true,"showMaterialUpdate":false,"showSkybox":true,"showFlares":true,"showImageEffects":true,"showParticleSystems":true},"in2DMode":false,"pivot":{"x":-873.910888671875,"y":215.6389923095703,"z":-494.41278076171877},"rotation":{"x":-0.33374592661857607,"y":0.1363781988620758,"z":-0.051139578223228458,"w":-0.9313428401947022},"size":34.51615524291992,"orthographic":false}