{"cameraMode":{"drawMode":0,"name":"Shaded","section":"Shading Mode"},"sceneLighting":false,"audioPlay":false,"sceneViewState":{"showFog":false,"showMaterialUpdate":false,"showSkybox":false,"showFlares":false,"showImageEffects":false,"showParticleSystems":false},"in2DMode":false,"pivot":{"x":-526.65673828125,"y":34.84314727783203,"z":148.76828002929688},"rotation":{"x":0.008683898486196995,"y":0.03658725693821907,"z":0.000390494562452659,"w":-0.9993532299995422},"size":21.778148651123048,"orthographic":false}