{"cameraMode":{"drawMode":0,"name":"Shaded","section":"Shading Mode"},"sceneLighting":false,"audioPlay":false,"sceneViewState":{"showFog":true,"showMaterialUpdate":false,"showSkybox":true,"showFlares":true,"showImageEffects":true,"showParticleSystems":true},"in2DMode":false,"pivot":{"x":-566.0890502929688,"y":13.601261138916016,"z":47.68858337402344},"rotation":{"x":0.2540859878063202,"y":0.36217620968818667,"z":-0.10089848190546036,"w":0.8911162614822388},"size":30.682723999023439,"orthographic":false}