{"cameraMode":{"drawMode":0,"name":"Shaded","section":"Shading Mode"},"sceneLighting":false,"audioPlay":false,"sceneViewState":{"showFog":true,"showMaterialUpdate":false,"showSkybox":true,"showFlares":true,"showImageEffects":true,"showParticleSystems":true},"in2DMode":false,"pivot":{"x":-1054.4796142578125,"y":38.45449447631836,"z":-160.93821716308595},"rotation":{"x":-0.3960666358470917,"y":0.0753607526421547,"z":-0.03498556464910507,"w":-0.9144550561904907},"size":12.501086235046387,"orthographic":false}