{"cameraMode":{"drawMode":0,"name":"Shaded","section":"Shading Mode"},"sceneLighting":true,"audioPlay":false,"sceneViewState":{"showFog":false,"showMaterialUpdate":false,"showSkybox":false,"showFlares":false,"showImageEffects":false,"showParticleSystems":false},"in2DMode":false,"pivot":{"x":-1061.1690673828125,"y":5.602706432342529,"z":-24.452043533325197},"rotation":{"x":0.3236915171146393,"y":0.19789230823516847,"z":-0.06709370017051697,"w":0.922800600528717},"size":16.03954315185547,"orthographic":false}