{"cameraMode":{"drawMode":0,"name":"Shaded","section":"Shading Mode"},"sceneLighting":false,"audioPlay":false,"sceneViewState":{"showFog":true,"showMaterialUpdate":false,"showSkybox":true,"showFlares":true,"showImageEffects":true,"showParticleSystems":true},"in2DMode":false,"pivot":{"x":-174.99583435058595,"y":-408.4436340332031,"z":56.72650909423828},"rotation":{"x":0.03695566579699516,"y":0.06498908251523972,"z":-0.0002655884891282767,"w":0.9972013831138611},"size":99.98894500732422,"orthographic":false}