{"cameraMode":{"drawMode":0,"name":"Shaded","section":"Shading Mode"},"sceneLighting":true,"audioPlay":false,"sceneViewState":{"showFog":false,"showMaterialUpdate":false,"showSkybox":false,"showFlares":false,"showImageEffects":false,"showParticleSystems":false},"in2DMode":false,"pivot":{"x":-990.658203125,"y":-373.2315979003906,"z":89.36416625976563},"rotation":{"x":-0.5688483119010925,"y":0.10468250513076782,"z":-0.07323972135782242,"w":-0.8124862909317017},"size":748.5558471679688,"orthographic":false}