{"cameraMode":{"drawMode":0,"name":"Shaded","section":"Shading Mode"},"sceneLighting":false,"audioPlay":false,"sceneViewState":{"showFog":true,"showMaterialUpdate":false,"showSkybox":true,"showFlares":true,"showImageEffects":true,"showParticleSystems":true},"in2DMode":false,"pivot":{"x":1074.0999755859375,"y":1.5,"z":1114.4000244140625},"rotation":{"x":-0.30045998096466067,"y":-0.044051337987184528,"z":0.011646030470728875,"w":-0.952705442905426},"size":57.15768051147461,"orthographic":false}