{"cameraMode":{"drawMode":0,"name":"Shaded","section":"Shading Mode"},"sceneLighting":true,"audioPlay":false,"sceneViewState":{"showFog":false,"showMaterialUpdate":false,"showSkybox":false,"showFlares":false,"showImageEffects":false,"showParticleSystems":false},"in2DMode":false,"pivot":{"x":-631.1839599609375,"y":84.8132095336914,"z":-14.006866455078125},"rotation":{"x":-0.2452503740787506,"y":0.016589349135756494,"z":-0.004168391227722168,"w":-0.9693297147750855},"size":175.6165313720703,"orthographic":false}