{"cameraMode":{"drawMode":0,"name":"Shaded","section":"Shading Mode"},"sceneLighting":false,"audioPlay":false,"sceneViewState":{"showFog":true,"showMaterialUpdate":false,"showSkybox":true,"showFlares":true,"showImageEffects":true,"showParticleSystems":true},"in2DMode":false,"pivot":{"x":-856.0289306640625,"y":7.567592620849609,"z":-153.53453063964845},"rotation":{"x":-0.49157896637916567,"y":-0.008321492001414299,"z":0.0022355718538165094,"w":-0.8707903623580933},"size":27.796512603759767,"orthographic":false}