{"cameraMode":{"drawMode":0,"name":"Shaded","section":"Shading Mode"},"sceneLighting":true,"audioPlay":false,"sceneViewState":{"showFog":false,"showMaterialUpdate":false,"showSkybox":false,"showFlares":false,"showImageEffects":false,"showParticleSystems":false},"in2DMode":false,"pivot":{"x":-565.453125,"y":52.73162841796875,"z":267.3407897949219},"rotation":{"x":-0.3829759955406189,"y":0.036389172077178958,"z":-0.015479945577681065,"w":-0.9230231046676636},"size":579.646240234375,"orthographic":false}