{"cameraMode":{"drawMode":0,"name":"Shaded","section":"Shading Mode"},"sceneLighting":true,"audioPlay":false,"sceneViewState":{"showFog":false,"showMaterialUpdate":false,"showSkybox":false,"showFlares":false,"showImageEffects":false,"showParticleSystems":false},"in2DMode":false,"pivot":{"x":-1046.5089111328125,"y":32.610877990722659,"z":300.34954833984377},"rotation":{"x":-0.17679738998413087,"y":0.404568612575531,"z":-0.08003594726324082,"w":-0.8936783075332642},"size":480.12451171875,"orthographic":false}