{"cameraMode":{"drawMode":0,"name":"Shaded","section":"Shading Mode"},"sceneLighting":false,"audioPlay":false,"sceneViewState":{"showFog":true,"showMaterialUpdate":false,"showSkybox":true,"showFlares":true,"showImageEffects":true,"showParticleSystems":true},"in2DMode":false,"pivot":{"x":-586.3832397460938,"y":27.44000244140625,"z":58.300628662109378},"rotation":{"x":-0.07582172751426697,"y":0.9176021814346314,"z":-0.31884947419166567,"w":-0.224927619099617},"size":35.84883117675781,"orthographic":false}