{"cameraMode":{"drawMode":0,"name":"Shaded","section":"Shading Mode"},"sceneLighting":false,"audioPlay":false,"sceneViewState":{"showFog":true,"showMaterialUpdate":false,"showSkybox":true,"showFlares":true,"showImageEffects":true,"showParticleSystems":true},"in2DMode":false,"pivot":{"x":-3.4283714294433595,"y":5.704770088195801,"z":-7.179588317871094},"rotation":{"x":0.002102169906720519,"y":-0.9944707751274109,"z":0.0443912111222744,"w":0.09514690935611725},"size":25.122560501098634,"orthographic":false}