{"cameraMode":{"drawMode":0,"name":"Shaded","section":"Shading Mode"},"sceneLighting":false,"audioPlay":false,"sceneViewState":{"showFog":false,"showMaterialUpdate":false,"showSkybox":false,"showFlares":false,"showImageEffects":false,"showParticleSystems":false},"in2DMode":false,"pivot":{"x":614.0340576171875,"y":469.415283203125,"z":3.88568115234375},"rotation":{"x":0.028810355812311174,"y":0.01385006494820118,"z":-0.00011323994840495288,"w":0.9995612502098084},"size":948.8964233398438,"orthographic":false}