{"cameraMode":{"drawMode":0,"name":"Shaded","section":"Shading Mode"},"sceneLighting":false,"audioPlay":false,"sceneViewState":{"showFog":true,"showMaterialUpdate":false,"showSkybox":true,"showFlares":true,"showImageEffects":true,"showParticleSystems":true},"in2DMode":false,"pivot":{"x":-1004.4956665039063,"y":28.661510467529298,"z":81.27564239501953},"rotation":{"x":-0.44461292028427126,"y":0.04153719171881676,"z":-0.02304038405418396,"w":-0.894462525844574},"size":214.95651245117188,"orthographic":false}