{"cameraMode":{"drawMode":0,"name":"Shaded","section":"Shading Mode"},"sceneLighting":false,"audioPlay":false,"sceneViewState":{"showFog":false,"showMaterialUpdate":false,"showSkybox":false,"showFlares":false,"showImageEffects":false,"showParticleSystems":false},"in2DMode":false,"pivot":{"x":-537.469970703125,"y":34.19999694824219,"z":150.75},"rotation":{"x":-0.36096125841140749,"y":-0.007835879921913147,"z":0.00303351110778749,"w":-0.9325504899024963},"size":61.561588287353519,"orthographic":false}