{"cameraMode":{"drawMode":0,"name":"Shaded","section":"Shading Mode"},"sceneLighting":false,"audioPlay":false,"sceneViewState":{"showFog":false,"showMaterialUpdate":false,"showSkybox":false,"showFlares":false,"showImageEffects":false,"showParticleSystems":false},"in2DMode":false,"pivot":{"x":-1151.0711669921875,"y":-50.94102096557617,"z":73.3648681640625},"rotation":{"x":-0.39398881793022158,"y":0.3088551461696625,"z":-0.14258407056331635,"w":-0.8539134860038757},"size":69.99122619628906,"orthographic":false}