{"cameraMode":{"drawMode":0,"name":"Shaded","section":"Shading Mode"},"sceneLighting":false,"audioPlay":false,"sceneViewState":{"showFog":true,"showMaterialUpdate":false,"showSkybox":true,"showFlares":true,"showImageEffects":true,"showParticleSystems":true},"in2DMode":false,"pivot":{"x":239.91824340820313,"y":166.03399658203126,"z":-72.92977905273438},"rotation":{"x":-0.1869591623544693,"y":0.6994004249572754,"z":-0.20143932104110719,"w":-0.6597784757614136},"size":146.51373291015626,"orthographic":false}