{"cameraMode":{"drawMode":0,"name":"Shaded","section":"Shading Mode"},"sceneLighting":false,"audioPlay":false,"sceneViewState":{"showFog":false,"showMaterialUpdate":false,"showSkybox":false,"showFlares":false,"showImageEffects":false,"showParticleSystems":false},"in2DMode":false,"pivot":{"x":924.5582275390625,"y":7.1415486335754398,"z":263.35089111328127},"rotation":{"x":-0.09973553568124771,"y":0.6179629564285278,"z":-0.07937295734882355,"w":-0.7758336067199707},"size":37.10091018676758,"orthographic":false}