{"cameraMode":{"drawMode":0,"name":"Shaded","section":"Shading Mode"},"sceneLighting":true,"audioPlay":false,"sceneViewState":{"showFog":false,"showMaterialUpdate":false,"showSkybox":false,"showFlares":false,"showImageEffects":false,"showParticleSystems":false},"in2DMode":false,"pivot":{"x":-7.500124454498291,"y":14.193735122680664,"z":127.17105102539063},"rotation":{"x":0.05365956947207451,"y":-0.015872688964009286,"z":-0.000825118157081306,"w":-0.9984526038169861},"size":182.17611694335938,"orthographic":false}