{"cameraMode":{"drawMode":0,"name":"Shaded","section":"Shading Mode"},"sceneLighting":false,"audioPlay":false,"sceneViewState":{"showFog":true,"showMaterialUpdate":false,"showSkybox":true,"showFlares":true,"showImageEffects":true,"showParticleSystems":true},"in2DMode":false,"pivot":{"x":-1053.1405029296875,"y":41.14839553833008,"z":-158.61993408203126},"rotation":{"x":0.14945217967033387,"y":0.8343820571899414,"z":-0.26748186349868777,"w":0.45817482471466067},"size":7.597391128540039,"orthographic":false}