{"cameraMode":{"drawMode":0,"name":"Shaded","section":"Shading Mode"},"sceneLighting":false,"audioPlay":false,"sceneViewState":{"showFog":true,"showMaterialUpdate":false,"showSkybox":true,"showFlares":true,"showImageEffects":true,"showParticleSystems":true},"in2DMode":false,"pivot":{"x":-576.640869140625,"y":34.30000305175781,"z":44.30401611328125},"rotation":{"x":0.4609887897968292,"y":0.034694280475378039,"z":-0.015626957640051843,"w":0.8865898251533508},"size":235.6622772216797,"orthographic":false}