{"cameraMode":{"drawMode":0,"name":"Shaded","section":"Shading Mode"},"sceneLighting":false,"audioPlay":false,"sceneViewState":{"showFog":false,"showMaterialUpdate":false,"showSkybox":false,"showFlares":false,"showImageEffects":false,"showParticleSystems":false},"in2DMode":false,"pivot":{"x":189.78395080566407,"y":116.90707397460938,"z":-4.691864013671875},"rotation":{"x":0.028810355812311174,"y":0.01385006494820118,"z":-0.00011323994840495288,"w":0.9995612502098084},"size":778.8326416015625,"orthographic":false}