{"cameraMode":{"drawMode":0,"name":"Shaded","section":"Shading Mode"},"sceneLighting":false,"audioPlay":false,"sceneViewState":{"showFog":true,"showMaterialUpdate":false,"showSkybox":true,"showFlares":true,"showImageEffects":true,"showParticleSystems":true},"in2DMode":false,"pivot":{"x":-704.8880004882813,"y":34.26335144042969,"z":349.0064392089844},"rotation":{"x":-0.3336885869503021,"y":0.30037248134613039,"z":-0.1155417412519455,"w":-0.8860465288162231},"size":21.772886276245118,"orthographic":false}