{"cameraMode":{"drawMode":0,"name":"Shaded","section":"Shading Mode"},"sceneLighting":false,"audioPlay":false,"sceneViewState":{"showFog":false,"showMaterialUpdate":false,"showSkybox":false,"showFlares":false,"showImageEffects":false,"showParticleSystems":false},"in2DMode":false,"pivot":{"x":1052.732177734375,"y":0.0,"z":1017.4937744140625},"rotation":{"x":-0.17920349538326264,"y":-0.03777145594358444,"z":0.006882152985781431,"w":-0.9830725789070129},"size":72.81321716308594,"orthographic":false}