{"cameraMode":{"drawMode":0,"name":"Shaded","section":"Shading Mode"},"sceneLighting":false,"audioPlay":false,"sceneViewState":{"showFog":false,"showMaterialUpdate":false,"showSkybox":false,"showFlares":false,"showImageEffects":false,"showParticleSystems":false},"in2DMode":false,"pivot":{"x":-536.7672729492188,"y":-0.031005859375,"z":-101.6336669921875},"rotation":{"x":-0.5669897198677063,"y":0.06214345619082451,"z":-0.04292522743344307,"w":-0.8202688694000244},"size":47.71794128417969,"orthographic":false}