{"cameraMode":{"drawMode":0,"name":"Shaded","section":"Shading Mode"},"sceneLighting":false,"audioPlay":false,"sceneViewState":{"showFog":false,"showMaterialUpdate":false,"showSkybox":false,"showFlares":false,"showImageEffects":false,"showParticleSystems":false},"in2DMode":false,"pivot":{"x":681.8381958007813,"y":766.5577392578125,"z":-967.854248046875},"rotation":{"x":-0.08911269903182984,"y":-0.3737427294254303,"z":0.036144375801086429,"w":-0.9225755929946899},"size":428.68267822265627,"orthographic":false}