{"cameraMode":{"drawMode":0,"name":"Shaded","section":"Shading Mode"},"sceneLighting":false,"audioPlay":false,"sceneViewState":{"showFog":true,"showMaterialUpdate":false,"showSkybox":true,"showFlares":true,"showImageEffects":true,"showParticleSystems":true},"in2DMode":false,"pivot":{"x":1041.871337890625,"y":0.4999980926513672,"z":886.714111328125},"rotation":{"x":-0.30045998096466067,"y":-0.044051337987184528,"z":0.011646030470728875,"w":-0.952705442905426},"size":2.8578836917877199,"orthographic":false}