{"cameraMode":{"drawMode":0,"name":"Shaded","section":"Shading Mode"},"sceneLighting":false,"audioPlay":false,"sceneViewState":{"showFog":false,"showMaterialUpdate":false,"showSkybox":false,"showFlares":false,"showImageEffects":false,"showParticleSystems":false},"in2DMode":false,"pivot":{"x":-1008.4576416015625,"y":33.32600021362305,"z":-115.12298583984375},"rotation":{"x":-0.4523632526397705,"y":-0.03555546700954437,"z":0.01808137074112892,"w":-0.8909611105918884},"size":2.857891082763672,"orthographic":false}