{"cameraMode":{"drawMode":0,"name":"Shaded","section":"Shading Mode"},"sceneLighting":false,"audioPlay":false,"sceneViewState":{"showFog":true,"showMaterialUpdate":false,"showSkybox":true,"showFlares":true,"showImageEffects":true,"showParticleSystems":true},"in2DMode":false,"pivot":{"x":-1103.1217041015625,"y":206.33395385742188,"z":-253.2525634765625},"rotation":{"x":0.21420687437057496,"y":0.641404926776886,"z":-0.1900268793106079,"w":0.7117618322372437},"size":18.657167434692384,"orthographic":false}