{"cameraMode":{"drawMode":0,"name":"Shaded","section":"Shading Mode"},"sceneLighting":false,"audioPlay":false,"sceneViewState":{"showFog":false,"showMaterialUpdate":false,"showSkybox":false,"showFlares":false,"showImageEffects":false,"showParticleSystems":false},"in2DMode":false,"pivot":{"x":-2.653113842010498,"y":-19.201595306396486,"z":-6.69158935546875},"rotation":{"x":-0.061770249158144,"y":0.0035878121852874758,"z":-0.0002744739758782089,"w":-0.9981072545051575},"size":206.75099182128907,"orthographic":false}