{"cameraMode":{"drawMode":0,"name":"Shaded","section":"Shading Mode"},"sceneLighting":true,"audioPlay":false,"sceneViewState":{"showFog":false,"showMaterialUpdate":false,"showSkybox":false,"showFlares":false,"showImageEffects":false,"showParticleSystems":false},"in2DMode":false,"pivot":{"x":-715.0669555664063,"y":110.41329956054688,"z":-134.3097381591797},"rotation":{"x":-0.5040836334228516,"y":-0.0007622290286235511,"z":0.00046901870518922806,"w":-0.8636775612831116},"size":264.064453125,"orthographic":false}