{"cameraMode":{"drawMode":0,"name":"Shaded","section":"Shading Mode"},"sceneLighting":false,"audioPlay":false,"sceneViewState":{"showFog":true,"showMaterialUpdate":false,"showSkybox":true,"showFlares":true,"showImageEffects":true,"showParticleSystems":true},"in2DMode":false,"pivot":{"x":1089.8848876953125,"y":0.0000019073486328125,"z":1046.700439453125},"rotation":{"x":0.3186591565608978,"y":-0.049701541662216189,"z":0.018992148339748384,"w":0.9463748931884766},"size":22.0,"orthographic":false}