{"cameraMode":{"drawMode":0,"name":"Shaded","section":"Shading Mode"},"sceneLighting":false,"audioPlay":false,"sceneViewState":{"showFog":true,"showMaterialUpdate":false,"showSkybox":true,"showFlares":true,"showImageEffects":true,"showParticleSystems":true},"in2DMode":false,"pivot":{"x":-586.0014038085938,"y":8.470008850097657,"z":306.1839294433594},"rotation":{"x":0.35373926162719729,"y":0.13801193237304688,"z":-0.050542086362838748,"w":0.9237244129180908},"size":28.058664321899415,"orthographic":false}