{"cameraMode":{"drawMode":0,"name":"Shaded","section":"Shading Mode"},"sceneLighting":false,"audioPlay":false,"sceneViewState":{"showFog":true,"showMaterialUpdate":false,"showSkybox":true,"showFlares":true,"showImageEffects":true,"showParticleSystems":true},"in2DMode":false,"pivot":{"x":-875.9146728515625,"y":180.19728088378907,"z":-448.0491027832031},"rotation":{"x":-0.28099340200424197,"y":0.4438629746437073,"z":-0.15148255228996278,"w":-0.837306022644043},"size":28.816762924194337,"orthographic":false}