{"cameraMode":{"drawMode":0,"name":"Shaded","section":"Shading Mode"},"sceneLighting":true,"audioPlay":false,"sceneViewState":{"showFog":false,"showMaterialUpdate":false,"showSkybox":false,"showFlares":false,"showImageEffects":false,"showParticleSystems":false},"in2DMode":false,"pivot":{"x":29.282512664794923,"y":12.105146408081055,"z":0.034442901611328128},"rotation":{"x":-0.2752760052680969,"y":-0.11160921305418015,"z":0.03222207352519035,"w":-0.9544045329093933},"size":219.24786376953126,"orthographic":false}