{"cameraMode":{"drawMode":0,"name":"Shaded","section":"Shading Mode"},"sceneLighting":true,"audioPlay":false,"sceneViewState":{"showFog":false,"showMaterialUpdate":false,"showSkybox":false,"showFlares":false,"showImageEffects":false,"showParticleSystems":false},"in2DMode":false,"pivot":{"x":-774.9476318359375,"y":2.178921699523926,"z":297.22406005859377},"rotation":{"x":0.4785934388637543,"y":-0.08926524221897125,"z":0.048985645174980167,"w":0.8721126914024353},"size":12.339743614196778,"orthographic":false}