{"cameraMode":{"drawMode":0,"name":"Shaded","section":"Shading Mode"},"sceneLighting":false,"audioPlay":false,"sceneViewState":{"showFog":true,"showMaterialUpdate":false,"showSkybox":true,"showFlares":true,"showImageEffects":true,"showParticleSystems":true},"in2DMode":false,"pivot":{"x":-849.25439453125,"y":7.659934997558594,"z":-155.54737854003907},"rotation":{"x":-0.5598080158233643,"y":-0.04287870600819588,"z":0.026429884135723115,"w":-0.8270900249481201},"size":48.032466888427737,"orthographic":false}