{"cameraMode":{"drawMode":0,"name":"Shaded","section":"Shading Mode"},"sceneLighting":false,"audioPlay":false,"sceneViewState":{"showFog":true,"showMaterialUpdate":false,"showSkybox":true,"showFlares":true,"showImageEffects":true,"showParticleSystems":true},"in2DMode":false,"pivot":{"x":-270.9425354003906,"y":220.3000030517578,"z":676.2958984375},"rotation":{"x":-0.49157896637916567,"y":-0.008321492001414299,"z":0.0022355718538165094,"w":-0.8707903623580933},"size":142.89419555664063,"orthographic":false}