{"cameraMode":{"drawMode":0,"name":"Shaded","section":"Shading Mode"},"sceneLighting":false,"audioPlay":false,"sceneViewState":{"showFog":true,"showMaterialUpdate":false,"showSkybox":true,"showFlares":true,"showImageEffects":true,"showParticleSystems":true},"in2DMode":false,"pivot":{"x":1086.4462890625,"y":0.0,"z":1078.1610107421875},"rotation":{"x":-0.30045998096466067,"y":-0.044051337987184528,"z":0.011646030470728875,"w":-0.952705442905426},"size":15.304550170898438,"orthographic":false}