{"cameraMode":{"drawMode":0,"name":"Shaded","section":"Shading Mode"},"sceneLighting":false,"audioPlay":false,"sceneViewState":{"showFog":true,"showMaterialUpdate":false,"showSkybox":true,"showFlares":true,"showImageEffects":true,"showParticleSystems":true},"in2DMode":false,"pivot":{"x":903.5506591796875,"y":5.740662574768066,"z":319.0923156738281},"rotation":{"x":0.06092596426606178,"y":0.9043609499931336,"z":-0.4012514054775238,"w":0.13197171688079835},"size":25.64711570739746,"orthographic":false}