{"cameraMode":{"drawMode":0,"name":"Shaded","section":"Shading Mode"},"sceneLighting":false,"audioPlay":false,"sceneViewState":{"showFog":true,"showMaterialUpdate":false,"showSkybox":true,"showFlares":true,"showImageEffects":true,"showParticleSystems":true},"in2DMode":false,"pivot":{"x":-834.512451171875,"y":79.20332336425781,"z":-314.90509033203127},"rotation":{"x":-0.34689193964004519,"y":-0.10672709345817566,"z":0.037492964416742328,"w":-0.9310582876205444},"size":316.416015625,"orthographic":false}