{"cameraMode":{"drawMode":0,"name":"Shaded","section":"Shading Mode"},"sceneLighting":false,"audioPlay":false,"sceneViewState":{"showFog":true,"showMaterialUpdate":false,"showSkybox":true,"showFlares":true,"showImageEffects":true,"showParticleSystems":true},"in2DMode":false,"pivot":{"x":-1210.0601806640625,"y":8.430492401123047,"z":915.63720703125},"rotation":{"x":-0.3314785957336426,"y":0.6107121706008911,"z":-0.3169020712375641,"w":-0.6455429792404175},"size":11.709016799926758,"orthographic":false}