{"cameraMode":{"drawMode":0,"name":"Shaded","section":"Shading Mode"},"sceneLighting":false,"audioPlay":false,"sceneViewState":{"showFog":false,"showMaterialUpdate":false,"showSkybox":false,"showFlares":false,"showImageEffects":false,"showParticleSystems":false},"in2DMode":false,"pivot":{"x":-442.5682067871094,"y":46.06523132324219,"z":147.02235412597657},"rotation":{"x":0.011666576378047467,"y":0.050064362585544589,"z":0.0007997220964170992,"w":-0.9987254738807678},"size":11.320291519165039,"orthographic":false}