{"cameraMode":{"drawMode":0,"name":"Shaded","section":"Shading Mode"},"sceneLighting":false,"audioPlay":false,"sceneViewState":{"showFog":false,"showMaterialUpdate":false,"showSkybox":false,"showFlares":false,"showImageEffects":false,"showParticleSystems":false},"in2DMode":false,"pivot":{"x":-759.7037963867188,"y":38.454498291015628,"z":98.51345825195313},"rotation":{"x":-0.061770249158144,"y":0.0035878121852874758,"z":-0.0002744739758782089,"w":-0.9981072545051575},"size":3.2009074687957765,"orthographic":false}