{"cameraMode":{"drawMode":0,"name":"Shaded","section":"Shading Mode"},"sceneLighting":false,"audioPlay":false,"sceneViewState":{"showFog":false,"showMaterialUpdate":false,"showSkybox":false,"showFlares":false,"showImageEffects":false,"showParticleSystems":false},"in2DMode":false,"pivot":{"x":-481.7973937988281,"y":25.701229095458986,"z":135.64451599121095},"rotation":{"x":-0.32211950421333315,"y":0.25196343660354617,"z":-0.08930318057537079,"w":-0.9082406759262085},"size":35.39509582519531,"orthographic":false}