{"cameraMode":{"drawMode":0,"name":"Shaded","section":"Shading Mode"},"sceneLighting":false,"audioPlay":false,"sceneViewState":{"showFog":true,"showMaterialUpdate":false,"showSkybox":true,"showFlares":true,"showImageEffects":true,"showParticleSystems":true},"in2DMode":false,"pivot":{"x":-988.2948608398438,"y":38.454490661621097,"z":-117.74151611328125},"rotation":{"x":0.33490240573883059,"y":-0.45104581117630007,"z":0.1902867555618286,"w":0.8051018714904785},"size":10.603754043579102,"orthographic":false}