{"cameraMode":{"drawMode":0,"name":"Shaded","section":"Shading Mode"},"sceneLighting":false,"audioPlay":false,"sceneViewState":{"showFog":true,"showMaterialUpdate":false,"showSkybox":true,"showFlares":true,"showImageEffects":true,"showParticleSystems":true},"in2DMode":false,"pivot":{"x":-525.5287475585938,"y":51.939998626708987,"z":-145.28656005859376},"rotation":{"x":0.34021878242492678,"y":-0.08607550710439682,"z":0.033582717180252078,"w":0.9357961416244507},"size":2.8578836917877199,"orthographic":false}