{"cameraMode":{"drawMode":0,"name":"Shaded","section":"Shading Mode"},"sceneLighting":false,"audioPlay":false,"sceneViewState":{"showFog":true,"showMaterialUpdate":false,"showSkybox":true,"showFlares":true,"showImageEffects":true,"showParticleSystems":true},"in2DMode":false,"pivot":{"x":-1124.287841796875,"y":68.38899993896485,"z":-188.4759063720703},"rotation":{"x":-0.30045998096466067,"y":-0.044051337987184528,"z":0.011646030470728875,"w":-0.952705442905426},"size":48.58402633666992,"orthographic":false}