{"cameraMode":{"drawMode":0,"name":"Shaded","section":"Shading Mode"},"sceneLighting":false,"audioPlay":false,"sceneViewState":{"showFog":false,"showMaterialUpdate":false,"showSkybox":false,"showFlares":false,"showImageEffects":false,"showParticleSystems":false},"in2DMode":false,"pivot":{"x":-544.52001953125,"y":214.05999755859376,"z":189.44549560546876},"rotation":{"x":0.18549396097660066,"y":0.05744798108935356,"z":-0.010864466428756714,"w":0.9809045791625977},"size":3.3957231044769289,"orthographic":false}