{"cameraMode":{"drawMode":0,"name":"Shaded","section":"Shading Mode"},"sceneLighting":false,"audioPlay":false,"sceneViewState":{"showFog":true,"showMaterialUpdate":false,"showSkybox":true,"showFlares":true,"showImageEffects":true,"showParticleSystems":true},"in2DMode":false,"pivot":{"x":-1048.2381591796875,"y":38.454490661621097,"z":-162.77780151367188},"rotation":{"x":0.12088017165660858,"y":0.8612768650054932,"z":-0.4340565502643585,"w":0.23491515219211579},"size":7.722667694091797,"orthographic":false}