{"cameraMode":{"drawMode":0,"name":"Shaded","section":"Shading Mode"},"sceneLighting":false,"audioPlay":false,"sceneViewState":{"showFog":false,"showMaterialUpdate":false,"showSkybox":false,"showFlares":false,"showImageEffects":false,"showParticleSystems":false},"in2DMode":false,"pivot":{"x":-503.4197998046875,"y":25.964725494384767,"z":175.87210083007813},"rotation":{"x":-0.15923526883125306,"y":-0.3902258276939392,"z":0.0687163919210434,"w":-0.9042497873306274},"size":59.821475982666019,"orthographic":false}