{"cameraMode":{"drawMode":0,"name":"Shaded","section":"Shading Mode"},"sceneLighting":false,"audioPlay":false,"sceneViewState":{"showFog":false,"showMaterialUpdate":false,"showSkybox":false,"showFlares":false,"showImageEffects":false,"showParticleSystems":false},"in2DMode":false,"pivot":{"x":-676.5521240234375,"y":3.330791473388672,"z":193.46841430664063},"rotation":{"x":-0.272165983915329,"y":0.11854886263608933,"z":-0.03383487090468407,"w":-0.9543639421463013},"size":28.30369758605957,"orthographic":false}