{"cameraMode":{"drawMode":0,"name":"Shaded","section":"Shading Mode"},"sceneLighting":false,"audioPlay":false,"sceneViewState":{"showFog":true,"showMaterialUpdate":false,"showSkybox":true,"showFlares":true,"showImageEffects":true,"showParticleSystems":true},"in2DMode":false,"pivot":{"x":-3.5826454162597658,"y":1.0174421072006226,"z":3.085697650909424},"rotation":{"x":-0.3116273880004883,"y":-0.3764403760433197,"z":0.1335858851671219,"w":-0.8621692061424255},"size":10.98288345336914,"orthographic":false}