{"cameraMode":{"drawMode":0,"name":"Shaded","section":"Shading Mode"},"sceneLighting":false,"audioPlay":false,"sceneViewState":{"showFog":true,"showMaterialUpdate":false,"showSkybox":true,"showFlares":true,"showImageEffects":true,"showParticleSystems":true},"in2DMode":false,"pivot":{"x":-1055.4620361328125,"y":38.45449447631836,"z":-161.75778198242188},"rotation":{"x":0.016275640577077867,"y":0.944867730140686,"z":-0.32449689507484438,"w":0.0407666377723217},"size":15.858719825744629,"orthographic":false}