{"cameraMode":{"drawMode":0,"name":"Shaded","section":"Shading Mode"},"sceneLighting":false,"audioPlay":false,"sceneViewState":{"showFog":false,"showMaterialUpdate":false,"showSkybox":false,"showFlares":false,"showImageEffects":false,"showParticleSystems":false},"in2DMode":false,"pivot":{"x":-785.5999755859375,"y":20.600849151611329,"z":-87.19999694824219},"rotation":{"x":0.34342342615127566,"y":0.37295055389404299,"z":-0.148319274187088,"w":0.8490993976593018},"size":18.941484451293947,"orthographic":false}