{"cameraMode":{"drawMode":0,"name":"Shaded","section":"Shading Mode"},"sceneLighting":false,"audioPlay":false,"sceneViewState":{"showFog":false,"showMaterialUpdate":false,"showSkybox":false,"showFlares":false,"showImageEffects":false,"showParticleSystems":false},"in2DMode":false,"pivot":{"x":0.08330782502889633,"y":-0.07986383885145188,"z":-8.578251838684082},"rotation":{"x":0.4168257713317871,"y":0.3844327926635742,"z":-0.2005804479122162,"w":0.7988961935043335},"size":31.15426254272461,"orthographic":false}