{"cameraMode":{"drawMode":0,"name":"Shaded","section":"Shading Mode"},"sceneLighting":false,"audioPlay":false,"sceneViewState":{"showFog":false,"showMaterialUpdate":false,"showSkybox":false,"showFlares":false,"showImageEffects":false,"showParticleSystems":false},"in2DMode":false,"pivot":{"x":539.5618896484375,"y":308.75177001953127,"z":8.26727294921875},"rotation":{"x":-0.17920349538326264,"y":-0.03777145594358444,"z":0.006882152985781431,"w":-0.9830725789070129},"size":22.0,"orthographic":false}