{"cameraMode":{"drawMode":0,"name":"Shaded","section":"Shading Mode"},"sceneLighting":false,"audioPlay":false,"sceneViewState":{"showFog":false,"showMaterialUpdate":false,"showSkybox":false,"showFlares":false,"showImageEffects":false,"showParticleSystems":false},"in2DMode":false,"pivot":{"x":-810.9152221679688,"y":35.14723205566406,"z":56.01377868652344},"rotation":{"x":0.42358338832855227,"y":0.010869404301047326,"z":-0.0027184661012142898,"w":0.9057878255844116},"size":32.62327575683594,"orthographic":false}