{"cameraMode":{"drawMode":0,"name":"Shaded","section":"Shading Mode"},"sceneLighting":false,"audioPlay":false,"sceneViewState":{"showFog":true,"showMaterialUpdate":false,"showSkybox":true,"showFlares":true,"showImageEffects":true,"showParticleSystems":true},"in2DMode":false,"pivot":{"x":-267.77886962890627,"y":262.9037170410156,"z":-124.16767120361328},"rotation":{"x":0.09037517011165619,"y":-0.60955411195755,"z":0.07297679036855698,"w":0.7841878533363342},"size":46.700931549072269,"orthographic":false}