{"cameraMode":{"drawMode":0,"name":"Shaded","section":"Shading Mode"},"sceneLighting":false,"audioPlay":false,"sceneViewState":{"showFog":true,"showMaterialUpdate":false,"showSkybox":true,"showFlares":true,"showImageEffects":true,"showParticleSystems":true},"in2DMode":false,"pivot":{"x":-289.6131896972656,"y":81.99453735351563,"z":471.0075988769531},"rotation":{"x":-0.26984381675720217,"y":0.7028049230575562,"z":-0.34046506881713869,"w":-0.5633233785629273},"size":21.7957820892334,"orthographic":false}