{"cameraMode":{"drawMode":0,"name":"Shaded","section":"Shading Mode"},"sceneLighting":true,"audioPlay":false,"sceneViewState":{"showFog":false,"showMaterialUpdate":false,"showSkybox":false,"showFlares":false,"showImageEffects":false,"showParticleSystems":false},"in2DMode":false,"pivot":{"x":-1087.5621337890625,"y":-28.77730369567871,"z":-130.3028564453125},"rotation":{"x":0.4785934388637543,"y":-0.08926524221897125,"z":0.048985645174980167,"w":0.8721126914024353},"size":14.562187194824219,"orthographic":false}