{"cameraMode":{"drawMode":0,"name":"Shaded","section":"Shading Mode"},"sceneLighting":false,"audioPlay":false,"sceneViewState":{"showFog":true,"showMaterialUpdate":false,"showSkybox":true,"showFlares":true,"showImageEffects":true,"showParticleSystems":true},"in2DMode":false,"pivot":{"x":-1077.7952880859375,"y":80.52365112304688,"z":-223.73866271972657},"rotation":{"x":0.06092596799135208,"y":0.9043610095977783,"z":-0.4012514352798462,"w":0.13197173178195954},"size":7.297430992126465,"orthographic":false}