{"cameraMode":{"drawMode":0,"name":"Shaded","section":"Shading Mode"},"sceneLighting":false,"audioPlay":false,"sceneViewState":{"showFog":true,"showMaterialUpdate":false,"showSkybox":true,"showFlares":true,"showImageEffects":true,"showParticleSystems":true},"in2DMode":false,"pivot":{"x":-1027.82080078125,"y":32.53982925415039,"z":-57.85404968261719},"rotation":{"x":0.36565062403678896,"y":0.024457311257719995,"z":-0.007307501509785652,"w":0.9304021000862122},"size":2.857891082763672,"orthographic":false}