{"cameraMode":{"drawMode":0,"name":"Shaded","section":"Shading Mode"},"sceneLighting":false,"audioPlay":false,"sceneViewState":{"showFog":false,"showMaterialUpdate":false,"showSkybox":false,"showFlares":false,"showImageEffects":false,"showParticleSystems":false},"in2DMode":false,"pivot":{"x":-476.4928283691406,"y":196.99000549316407,"z":560.6821899414063},"rotation":{"x":0.5187596678733826,"y":0.0002546484465710819,"z":0.002351139672100544,"w":0.8549168705940247},"size":200.05189514160157,"orthographic":false}