{"cameraMode":{"drawMode":0,"name":"Shaded","section":"Shading Mode"},"sceneLighting":false,"audioPlay":false,"sceneViewState":{"showFog":true,"showMaterialUpdate":false,"showSkybox":true,"showFlares":true,"showImageEffects":true,"showParticleSystems":true},"in2DMode":false,"pivot":{"x":-0.8374515175819397,"y":1.2780400514602662,"z":-1.2915966510772706},"rotation":{"x":0.23765824735164643,"y":-0.6641440391540527,"z":0.23983356356620789,"w":0.6670165657997131},"size":8.474276542663575,"orthographic":false}