{"cameraMode":{"drawMode":0,"name":"Shaded","section":"Shading Mode"},"sceneLighting":false,"audioPlay":false,"sceneViewState":{"showFog":true,"showMaterialUpdate":false,"showSkybox":true,"showFlares":true,"showImageEffects":true,"showParticleSystems":true},"in2DMode":false,"pivot":{"x":-835.8009033203125,"y":47.93000411987305,"z":-128.36239624023438},"rotation":{"x":-0.05813746899366379,"y":-0.444366455078125,"z":0.026512140408158304,"w":-0.8935635089874268},"size":10.942842483520508,"orthographic":false}