{"cameraMode":{"drawMode":0,"name":"Shaded","section":"Shading Mode"},"sceneLighting":false,"audioPlay":false,"sceneViewState":{"showFog":true,"showMaterialUpdate":false,"showSkybox":true,"showFlares":true,"showImageEffects":true,"showParticleSystems":true},"in2DMode":false,"pivot":{"x":18.30409812927246,"y":-0.000002384185791015625,"z":0.06859779357910156},"rotation":{"x":-0.30045998096466067,"y":-0.044051337987184528,"z":0.011646030470728875,"w":-0.952705442905426},"size":28.452007293701173,"orthographic":false}