{"cameraMode":{"drawMode":0,"name":"Shaded","section":"Shading Mode"},"sceneLighting":false,"audioPlay":false,"sceneViewState":{"showFog":false,"showMaterialUpdate":false,"showSkybox":false,"showFlares":false,"showImageEffects":false,"showParticleSystems":false},"in2DMode":false,"pivot":{"x":889.0967407226563,"y":7.631546497344971,"z":312.3416748046875},"rotation":{"x":-0.09973553568124771,"y":0.6179629564285278,"z":-0.07937295734882355,"w":-0.7758336067199707},"size":9.277077674865723,"orthographic":false}