{"cameraMode":{"drawMode":0,"name":"Shaded","section":"Shading Mode"},"sceneLighting":false,"audioPlay":false,"sceneViewState":{"showFog":true,"showMaterialUpdate":false,"showSkybox":true,"showFlares":true,"showImageEffects":true,"showParticleSystems":true},"in2DMode":false,"pivot":{"x":-759.7037963867188,"y":38.454498291015628,"z":98.51345825195313},"rotation":{"x":0.36565062403678896,"y":0.024457311257719995,"z":-0.007307501509785652,"w":0.9304021000862122},"size":2.8578836917877199,"orthographic":false}