{"cameraMode":{"drawMode":0,"name":"Shaded","section":"Shading Mode"},"sceneLighting":false,"audioPlay":false,"sceneViewState":{"showFog":true,"showMaterialUpdate":false,"showSkybox":true,"showFlares":true,"showImageEffects":true,"showParticleSystems":true},"in2DMode":false,"pivot":{"x":-283.260009765625,"y":83.92235565185547,"z":498.010009765625},"rotation":{"x":0.41807830333709719,"y":0.02206607162952423,"z":-0.007806888781487942,"w":0.9081094861030579},"size":142.8942108154297,"orthographic":false}