{"cameraMode":{"drawMode":0,"name":"Shaded","section":"Shading Mode"},"sceneLighting":false,"audioPlay":false,"sceneViewState":{"showFog":false,"showMaterialUpdate":false,"showSkybox":false,"showFlares":false,"showImageEffects":false,"showParticleSystems":false},"in2DMode":false,"pivot":{"x":-777.5679931640625,"y":-0.031005859375,"z":-176.95892333984376},"rotation":{"x":-0.12445444613695145,"y":0.02292037382721901,"z":-0.0028524715453386308,"w":-0.9919703602790833},"size":170.390625,"orthographic":false}