{"cameraMode":{"drawMode":0,"name":"Shaded","section":"Shading Mode"},"sceneLighting":false,"audioPlay":false,"sceneViewState":{"showFog":true,"showMaterialUpdate":false,"showSkybox":true,"showFlares":true,"showImageEffects":true,"showParticleSystems":true},"in2DMode":false,"pivot":{"x":477.6944580078125,"y":560.24169921875,"z":0.0},"rotation":{"x":-0.05487152561545372,"y":0.0020340965129435064,"z":-0.002272755140438676,"w":-0.9984888434410095},"size":784.4122924804688,"orthographic":false}