{"cameraMode":{"drawMode":0,"name":"Shaded","section":"Shading Mode"},"sceneLighting":false,"audioPlay":false,"sceneViewState":{"showFog":true,"showMaterialUpdate":false,"showSkybox":true,"showFlares":true,"showImageEffects":true,"showParticleSystems":true},"in2DMode":false,"pivot":{"x":-973.7276611328125,"y":0.5425453186035156,"z":-142.90692138671876},"rotation":{"x":-0.16292697191238404,"y":-0.8215137720108032,"z":0.28110164403915408,"w":-0.4685635268688202},"size":20.14446449279785,"orthographic":false}