{"cameraMode":{"drawMode":0,"name":"Shaded","section":"Shading Mode"},"sceneLighting":false,"audioPlay":false,"sceneViewState":{"showFog":false,"showMaterialUpdate":false,"showSkybox":false,"showFlares":false,"showImageEffects":false,"showParticleSystems":false},"in2DMode":false,"pivot":{"x":-557.9746704101563,"y":29.157264709472658,"z":157.70391845703126},"rotation":{"x":-0.061770249158144,"y":0.0035878121852874758,"z":-0.0002744739758782089,"w":-0.9981072545051575},"size":22.0,"orthographic":false}