{"cameraMode":{"drawMode":0,"name":"Shaded","section":"Shading Mode"},"sceneLighting":false,"audioPlay":false,"sceneViewState":{"showFog":false,"showMaterialUpdate":false,"showSkybox":false,"showFlares":false,"showImageEffects":false,"showParticleSystems":false},"in2DMode":false,"pivot":{"x":-455.0723876953125,"y":33.17036437988281,"z":138.572021484375},"rotation":{"x":-0.4756755828857422,"y":0.08607552945613861,"z":-0.04672221466898918,"w":-0.8742097616195679},"size":25.396900177001954,"orthographic":false}