{"cameraMode":{"drawMode":0,"name":"Shaded","section":"Shading Mode"},"sceneLighting":false,"audioPlay":false,"sceneViewState":{"showFog":true,"showMaterialUpdate":false,"showSkybox":true,"showFlares":true,"showImageEffects":true,"showParticleSystems":true},"in2DMode":false,"pivot":{"x":-861.8973388671875,"y":7.5692291259765629,"z":-163.6517333984375},"rotation":{"x":-0.28099340200424197,"y":0.4438629746437073,"z":-0.15148255228996278,"w":-0.837306022644043},"size":57.922061920166019,"orthographic":false}