{"cameraMode":{"drawMode":0,"name":"Shaded","section":"Shading Mode"},"sceneLighting":false,"audioPlay":false,"sceneViewState":{"showFog":true,"showMaterialUpdate":false,"showSkybox":true,"showFlares":true,"showImageEffects":true,"showParticleSystems":true},"in2DMode":false,"pivot":{"x":-0.6000614166259766,"y":1.4578666687011719,"z":-0.011255264282226563},"rotation":{"x":-0.0706477016210556,"y":0.9196937680244446,"z":-0.3272792100906372,"w":-0.20508690178394319},"size":13.598567962646485,"orthographic":false}