{"cameraMode":{"drawMode":0,"name":"Shaded","section":"Shading Mode"},"sceneLighting":false,"audioPlay":false,"sceneViewState":{"showFog":true,"showMaterialUpdate":false,"showSkybox":true,"showFlares":true,"showImageEffects":true,"showParticleSystems":true},"in2DMode":false,"pivot":{"x":70.15449523925781,"y":-5.564724445343018,"z":231.013671875},"rotation":{"x":0.34831109642982485,"y":-0.1864607036113739,"z":0.07325596362352371,"w":0.9157212376594544},"size":41.054561614990237,"orthographic":false}