{"cameraMode":{"drawMode":0,"name":"Shaded","section":"Shading Mode"},"sceneLighting":false,"audioPlay":false,"sceneViewState":{"showFog":false,"showMaterialUpdate":false,"showSkybox":false,"showFlares":false,"showImageEffects":false,"showParticleSystems":false},"in2DMode":false,"pivot":{"x":-417.2370910644531,"y":19.122276306152345,"z":-80.957763671875},"rotation":{"x":0.5762457847595215,"y":-0.0191928930580616,"z":0.01616121456027031,"w":0.8168912529945374},"size":519.3108520507813,"orthographic":false}