{"cameraMode":{"drawMode":0,"name":"Shaded","section":"Shading Mode"},"sceneLighting":true,"audioPlay":false,"sceneViewState":{"showFog":true,"showMaterialUpdate":false,"showSkybox":true,"showFlares":true,"showImageEffects":true,"showParticleSystems":true},"in2DMode":false,"pivot":{"x":-1057.7735595703125,"y":35.19318389892578,"z":-116.85499572753906},"rotation":{"x":-0.6477605104446411,"y":0.03814343363046646,"z":-0.03532743081450462,"w":-0.7600680589675903},"size":35.61561584472656,"orthographic":false}