{"cameraMode":{"drawMode":0,"name":"Shaded","section":"Shading Mode"},"sceneLighting":true,"audioPlay":false,"sceneViewState":{"showFog":true,"showMaterialUpdate":false,"showSkybox":true,"showFlares":true,"showImageEffects":true,"showParticleSystems":true},"in2DMode":false,"pivot":{"x":-202.82168579101563,"y":43.068992614746097,"z":17.312911987304689},"rotation":{"x":0.19466392695903779,"y":0.011205853894352913,"z":-0.0000452310596301686,"w":0.9808060526847839},"size":480.3150939941406,"orthographic":false}