{"cameraMode":{"drawMode":0,"name":"Shaded","section":"Shading Mode"},"sceneLighting":true,"audioPlay":false,"sceneViewState":{"showFog":false,"showMaterialUpdate":false,"showSkybox":false,"showFlares":false,"showImageEffects":false,"showParticleSystems":false},"in2DMode":false,"pivot":{"x":15.529998779296875,"y":0.5799999237060547,"z":-31.18000030517578},"rotation":{"x":-0.05975784361362457,"y":0.9368377923965454,"z":-0.1985001266002655,"w":-0.2817898988723755},"size":8.421553611755371,"orthographic":false}