{"cameraMode":{"drawMode":0,"name":"Shaded","section":"Shading Mode"},"sceneLighting":false,"audioPlay":false,"sceneViewState":{"showFog":true,"showMaterialUpdate":false,"showSkybox":true,"showFlares":true,"showImageEffects":true,"showParticleSystems":true},"in2DMode":false,"pivot":{"x":-1018.747802734375,"y":0.2197399139404297,"z":31.723724365234376},"rotation":{"x":-0.07582172751426697,"y":0.9176021814346314,"z":-0.31884947419166567,"w":-0.224927619099617},"size":29.845609664916993,"orthographic":false}